Date,Open,High,Low,Close,Adj Close,Volume
2019-05-20,41650,42100,41550,42000,36897.00781,15752397
2019-05-21,42600,43950,42350,43150,37907.28906,18812133
2019-05-22,43700,43800,42400,43500,38214.76172,11033339
2019-05-23,43900,44000,43250,43850,38522.23047,12259006
2019-05-24,43800,43800,42400,42700,37511.96484,13966305
2019-05-27,42500,43000,42350,42650,37468.02734,8066669
2019-05-28,42550,42950,42150,42550,37380.18359,24506881
2019-05-29,41850,42100,41300,41800,36721.30469,14930618
2019-05-30,42200,42700,42150,42550,37380.18359,11766018
2019-05-31,42600,42800,42150,42500,37336.25,11365999
2019-06-03,42950,43900,42500,43800,38478.30469,15466580
2019-06-04,43400,43700,43000,43450,38170.83203,9913497
2019-06-05,44050,44200,43700,43900,38566.15625,12464135
2019-06-07,43600,44350,43450,44200,38829.70703,11683682
2019-06-10,44300,44850,44050,44800,39356.8125,8792182
2019-06-11,44800,45000,44550,44850,39400.74219,6664872
2019-06-12,44800,45050,44300,44600,39181.10938,8607439
2019-06-13,44200,44400,43400,43750,38434.38672,16906541
2019-06-14,43750,44150,43300,44000,38654.01172,9322873
2019-06-17,43750,44050,43400,43900,38566.15625,11890424
2019-06-18,43750,44500,43650,44350,38961.47656,7994928
2019-06-19,45450,45450,45000,45350,39839.98828,10417690
2019-06-20,44850,45500,44850,45500,39971.75391,7147785
2019-06-21,45750,45800,45200,45700,40147.45703,9454913
2019-06-24,45200,45800,45200,45500,39971.75391,6085066
2019-06-25,45200,45800,45200,45600,40059.60547,7076774
2019-06-26,45800,46000,45600,45700,40147.45703,9226097
2019-06-27,46000,46600,45750,46500,41169.15625,12603534
2019-06-28,47000,47000,46700,47000,41611.84375,12949231
2019-07-01,47350,47400,46250,46600,41257.69531,11383522
2019-07-02,46200,46900,45850,46250,40947.82422,8463073
2019-07-03,45750,46350,45200,45400,40195.26953,9669368
2019-07-04,45250,46200,45250,46000,40726.48047,6365573
2019-07-05,45950,45950,45250,45650,40416.61719,7235395
2019-07-08,44750,44800,44350,44400,39309.91406,7823843
2019-07-09,44850,45450,44700,45100,39929.66016,7646421
2019-07-10,45550,46150,45500,45550,40328.07031,9253930
2019-07-11,46350,46550,46150,46200,40903.55469,10989751
2019-07-12,46350,46400,45800,46300,40992.08594,5245804
2019-07-15,45950,46650,45750,46450,41124.89063,4717226
2019-07-16,46450,46850,46300,46850,41479.03125,7407824
2019-07-17,46150,46350,45950,46050,40770.75,5216602
2019-07-18,46450,46450,45650,46100,40815.02344,5143554
2019-07-19,46650,46950,46600,46800,41434.76563,8819393
2019-07-22,46800,47300,46600,47200,41788.90625,9009109
2019-07-23,47350,47550,47050,47300,41877.45313,9061381
2019-07-24,47100,47150,46250,46400,41080.62891,8756522
2019-07-25,47150,47200,46600,47200,41788.90625,8408838
2019-07-26,46650,47150,46550,47150,41744.64844,7873886
2019-07-29,46800,47050,46000,46100,40815.02344,6856846
2019-07-30,46300,46850,46300,46550,41213.43359,5551014
2019-07-31,46200,46600,45000,45350,40151,12872916
2019-08-01,44900,45500,44850,45200,40018.1875,7811181
2019-08-02,44550,45500,44300,44950,39796.84766,12151374
2019-08-05,44350,44600,43600,43950,38911.49219,14214086
2019-08-06,42500,43800,42500,43500,38513.08594,15083824
2019-08-07,43600,43900,43100,43200,38247.48438,10002533
2019-08-08,43250,43500,42650,42650,37760.52734,16926881
2019-08-09,43250,43350,43050,43150,38203.21875,9685147
2019-08-12,44000,44000,43550,43700,38690.15234,8466169
2019-08-13,43500,43500,42950,43000,38070.40625,7276979
2019-08-14,43900,44250,43500,43700,38690.15234,8750135
2019-08-16,43800,43900,43300,43900,38867.22656,9528115
2019-08-19,44350,44350,43500,43600,38601.61719,6014218
2019-08-20,43950,44600,43550,44450,39354.17578,8434205
2019-08-21,44350,44800,44150,44500,39398.44141,6571717
2019-08-22,44500,44700,43850,44050,39000.03125,8061177
2019-08-23,43800,44200,43650,43950,38911.49219,5017381
2019-08-26,43050,43800,42950,43600,38601.61719,7954949
2019-08-27,43650,44200,43600,44050,39000.03125,16883932
2019-08-28,44100,44400,43750,44150,39088.57422,5758333
2019-08-29,44200,44200,43050,43400,38424.54688,10768862
2019-08-30,43750,44300,43750,44000,38955.76953,9899073
2019-09-02,44850,44850,43650,43800,38778.69531,7185537
2019-09-03,43550,43650,43100,43250,38291.75,9774941
2019-09-04,43250,44100,43150,44100,39044.30469,12441837
2019-09-05,44800,46100,44450,45700,40460.87109,18297430
2019-09-06,46500,46500,45850,46300,40992.08594,9896562
2019-09-09,46450,47000,46300,46900,41523.30469,9434157
2019-09-10,47100,47200,46550,47000,41611.84375,9231792
2019-09-11,47300,47400,46800,47150,41744.64844,16141619
2019-09-16,47000,47100,46400,47100,41700.37891,15550926
2019-09-17,47000,47100,46800,46900,41523.30469,7006280
2019-09-18,46900,47700,46800,47700,42231.58984,10413027
2019-09-19,48050,49200,47850,49150,43515.36328,16461413
2019-09-20,49400,49600,49100,49200,43559.62891,15460210
2019-09-23,49250,49300,49000,49300,43648.16797,7568553
2019-09-24,49050,49650,48850,49500,43825.23828,7871955
2019-09-25,49200,49350,48800,48900,43294.02344,9187141
2019-09-26,49000,49250,48900,49200,43559.62891,8494756
2019-09-27,48000,48700,48000,48400,43161.89844,8048041
2019-09-30,48050,49250,47900,49050,43741.5625,9497119
2019-10-01,48900,49100,48650,48850,43563.19531,6206035
2019-10-02,48350,48400,47600,47600,42448.47656,8382463
2019-10-04,47400,48650,47350,48000,42805.1875,9331695
2019-10-07,48350,48700,47650,47750,42582.24219,7047273
2019-10-08,47900,49000,47600,48900,43607.78516,14239367
2019-10-10,48200,49200,48000,48550,43295.66797,18639855
2019-10-11,49000,49450,48800,49150,43830.73047,7783275
2019-10-14,50000,50300,49850,50000,44588.73438,11130635
2019-10-15,49900,50200,49900,50100,44677.90625,6058105
2019-10-16,50700,50900,50400,50700,45212.98828,9136282
2019-10-17,50500,50600,50100,50500,45034.63281,6701380
2019-10-18,50300,50900,49650,49900,44499.5625,8483106
2019-10-21,49900,50400,49800,50300,44856.25781,4406531
2019-10-22,50800,51500,50700,51200,45658.86328,10898729
2019-10-23,51300,51500,50800,51200,45658.86328,8663880
2019-10-24,52500,52500,50500,50700,45212.98828,21185785
2019-10-25,50800,51200,50500,50900,45391.33203,7879897
2019-10-28,50700,51500,50700,51300,45748.04688,6431522
2019-10-29,51400,51700,50800,51100,45569.69141,7581629
2019-10-30,50700,50800,50200,50400,44945.44922,8959435
2019-10-31,51000,51400,50300,50400,44945.44922,10304777
2019-11-01,50600,51200,50400,51200,45658.86328,8467846
2019-11-04,51700,52300,51400,52300,46639.82031,13012411
2019-11-05,52400,52700,52100,52700,46996.53125,10581034
2019-11-06,52900,53500,52700,53300,47531.58984,14361133
2019-11-07,53400,53400,52400,52900,47174.88281,9257116
2019-11-08,53200,53300,52000,52100,46461.46094,11603290
2019-11-11,52200,52200,51400,51600,46015.57422,8185952
2019-11-12,51800,52600,51600,52600,46907.34766,6576148
2019-11-13,52500,52500,52000,52500,46818.16797,6225196
2019-11-14,51900,52800,51900,52800,47085.70703,12010018
2019-11-15,52900,53700,52600,53700,47888.3125,9703360
2019-11-18,53600,53800,53200,53500,47709.94922,7746554
2019-11-19,53200,53500,52700,53500,47709.94922,8907177
2019-11-20,53400,53400,52000,52000,46372.28516,12560070
2019-11-21,51600,52100,50600,51000,45480.50391,14298646
2019-11-22,51000,51600,50900,51600,46015.57422,8478310
2019-11-25,52200,52600,51700,51800,46193.92578,9050625
2019-11-26,51900,52900,51800,51800,46193.92578,27372226
2019-11-27,51800,52300,51600,52200,46550.64453,7546261
2019-11-28,51900,52100,51300,51300,45748.04688,6833885
2019-11-29,51200,51400,50200,50300,44856.25781,11179334
2019-12-02,50900,51300,50400,50400,44945.44922,18877252
2019-12-03,49800,50300,49500,49900,44499.5625,12059812
2019-12-04,49600,49850,49000,49450,44098.26563,13246549
2019-12-05,50200,50400,49500,49500,44142.84766,10449715
2019-12-06,50100,50900,49950,50400,44945.44922,11414563
2019-12-09,50900,51400,50700,51200,45658.86328,8470627
2019-12-10,51000,51600,50700,51500,45926.39063,6882771
2019-12-11,51500,52200,51400,51900,46283.10938,11379521
2019-12-12,53000,53300,52700,53300,47531.58984,29178697
2019-12-13,54500,54800,53900,54700,48780.07031,18120261
2019-12-16,54500,54900,54300,54700,48780.07031,11512405
2019-12-17,55800,56700,55400,56700,50563.625,19358433
2019-12-18,56700,57200,56000,56300,50206.91406,15558208
2019-12-19,57000,57300,55500,56000,49939.39063,14180520
2019-12-20,56100,56500,55600,56000,49939.39063,12095519
2019-12-23,56100,56400,55100,55500,49493.50391,9839252
2019-12-24,55600,55700,54800,55000,49047.60547,11868463
2019-12-26,54700,55400,54400,55400,49404.32422,9645034
2019-12-27,55700,56900,55500,56500,50709.30469,12313056
2019-12-30,56200,56600,55700,55800,50081.03906,8356767
2020-01-02,55500,56000,55000,55200,49542.53516,12993228
2020-01-03,56000,56600,54900,55500,49811.79688,15422255
2020-01-06,54900,55600,54600,55500,49811.79688,10278951
2020-01-07,55700,56400,55600,55800,50081.03906,10009778
2020-01-08,56200,57400,55900,56800,50978.54688,23501171
2020-01-09,58400,58600,57400,58600,52594.06641,24102579
2020-01-10,58800,59700,58300,59500,53401.83203,16000170
2020-01-13,59600,60000,59100,60000,53850.57813,11359139
2020-01-14,60400,61000,59900,60000,53850.57813,16906295
2020-01-15,59500,59600,58900,59000,52953.07813,14300928
2020-01-16,59100,60700,59000,60700,54478.83984,14381774
2020-01-17,61900,62000,61000,61300,55017.34766,16025661
2020-01-20,62000,62800,61700,62400,56004.60156,12528855
2020-01-21,62000,62400,61200,61400,55107.09766,11142693
2020-01-22,60500,62600,60400,62300,55914.85547,15339565
2020-01-23,61800,61800,60700,60800,54568.59375,14916555
2020-01-28,59400,59400,58300,58800,52773.57031,23664541
2020-01-29,59100,59700,58800,59100,53042.81641,16446102
2020-01-30,58800,58800,56800,57200,51337.5625,20821939
2020-01-31,57800,58400,56400,56400,50619.54688,19749457
2020-02-03,55500,57400,55200,57200,51337.5625,23995260
2020-02-04,57100,59000,56800,58900,52863.32422,21800192
2020-02-05,60000,60200,58900,59500,53401.83203,19278165
2020-02-06,60100,61100,59700,61100,54837.84766,14727159
2020-02-07,61100,61200,59700,60400,54209.58984,16402493
2020-02-10,59200,59800,59100,59700,53581.33594,13107121
2020-02-11,59800,60700,59700,59900,53760.83984,11071231
2020-02-12,60300,60700,59700,60500,54299.34375,12904207
2020-02-13,61200,61600,60500,60700,54478.83984,18449775
2020-02-14,60900,61900,60200,61800,55466.10156,13276067
2020-02-17,61600,62000,61200,61500,55196.84375,8740596
2020-02-18,60800,60900,59700,59800,53671.07813,16674266
2020-02-19,59800,60400,59400,60200,54030.08594,12951496
2020-02-20,60700,61300,59600,60000,53850.57813,14591924
2020-02-21,58800,59800,58500,59200,53132.58203,13777393
2020-02-24,57400,58100,56800,56800,50978.54688,25627537
2020-02-25,56200,58000,56200,57900,51965.82031,23885408
2020-02-26,56000,57000,56000,56500,50709.30469,25483102
2020-02-27,56300,56900,55500,55900,50170.78906,23209541
2020-02-28,55000,55500,54200,54200,48645.02344,30054227
2020-03-02,54300,55500,53600,55000,49363.03125,30403412
2020-03-03,56700,56900,55100,55400,49722.04297,30330295
2020-03-04,54800,57600,54600,57400,51517.05469,24765728
2020-03-05,57600,58000,56700,57800,51876.07031,21698990
2020-03-06,56500,57200,56200,56500,50709.30469,18716656
2020-03-09,56500,56500,56500,56500,50709.30469,0
2020-03-10,53800,54900,53700,54600,49004.03906,32106554
2020-03-11,54300,54400,52000,52100,46760.25391,45707281
2020-03-12,52100,52100,52100,52100,46760.25391,0
2020-03-13,47450,51600,46850,49950,44830.61719,59462933
2020-03-16,50100,50900,48800,48900,43888.22656,33339821
2020-03-17,46900,49650,46700,47300,42452.21484,51218151
2020-03-18,47750,48350,45600,45600,40926.44141,40152623
2020-03-19,46400,46650,42300,42950,38548.04688,56925513
2020-03-20,44150,45500,43550,45400,40746.94531,49730008
2020-03-23,42600,43550,42400,42500,38144.15625,41701626
2020-03-24,43850,46950,43050,46950,42138.07422,49801908
2020-03-25,48950,49600,47150,48650,43663.85156,52735922
2020-03-26,49000,49300,47700,47800,42900.96484,42185129
2020-03-27,49600,49700,46850,48300,43349.71875,39896178
2020-03-30,47050,48350,46550,47850,43262.92188,26797395
2020-03-31,48000,48500,47150,47750,43172.50781,30654261
2020-04-01,47450,47900,45800,45800,41409.44531,27259532
2020-04-02,46200,46850,45350,46800,42313.57813,21621076
2020-04-03,47400,47600,46550,47000,42494.41016,22784682
2020-04-06,47500,48800,47250,48700,44031.4375,23395726
2020-04-07,49650,50200,49000,49600,44845.15234,31524034
2020-04-08,49600,49750,48600,48600,43941.02734,25010314
2020-04-09,49750,49800,48700,49100,44393.08984,22628058
2020-04-10,48950,49250,48650,49250,44528.71484,17839111
2020-04-13,48650,48900,48300,48300,43669.78516,14431800
2020-04-14,48800,49200,48300,49000,44302.67969,14206216
2020-04-16,49350,49350,48550,49000,44302.67969,23349760
2020-04-17,50800,52000,50300,51400,46472.60938,32041675
2020-04-20,51400,51400,50000,50100,45297.22656,21866354
2020-04-21,49400,49700,48700,49250,44528.71484,27407543
2020-04-22,48700,50000,48350,49850,45071.19141,18613864
2020-04-23,50200,50300,49500,49850,45071.19141,18754442
2020-04-24,49650,49750,49000,49350,44619.12109,15618347
2020-04-27,49350,50000,49100,49850,45071.19141,14049471
2020-04-28,49850,50100,49300,50100,45297.22656,16095399
2020-04-29,49900,50500,49600,50000,45206.82031,15604533
2020-05-04,48900,49100,48500,48500,43850.60547,26083749
2020-05-06,49000,49200,48500,49200,44483.50391,18070225
2020-05-07,49200,49300,48700,48800,44121.85547,13884411
2020-05-08,49100,49350,48800,48800,44121.85547,15319700
2020-05-11,48900,49250,48300,48400,43760.19922,16357743
2020-05-12,48400,48500,47550,47900,43308.13672,23433590
2020-05-13,47250,48550,47200,48550,43895.82031,20223277
2020-05-14,47750,48100,47650,48000,43398.54297,19305974
2020-05-15,48400,48450,47700,47850,43262.92188,18463118
2020-05-18,47950,49100,47600,48800,44121.85547,20481981
2020-05-19,50100,50500,49700,50300,45478.05078,25168295
2020-05-20,50000,50200,49800,50000,45206.82031,14896899
2020-05-21,50300,50400,49850,49950,45161.61719,14949266
2020-05-22,49600,49800,48600,48750,44076.64063,19706284
2020-05-25,48750,48900,48450,48850,44167.05469,14337913
2020-05-26,48700,49450,48600,49250,44528.71484,15127490
2020-05-27,48950,50000,48800,49900,45116.40234,19548479
2020-05-28,51100,51200,49900,50400,45568.46484,31309318
2020-05-29,50000,50700,49700,50700,45839.71875,27596961
2020-06-01,50800,51200,50600,51200,46291.77344,16949183
2020-06-02,51000,51500,50800,51400,46472.60938,14247933
2020-06-03,51800,55000,51700,54500,49275.42578,49257814
2020-06-04,55800,57000,54600,54600,49365.84766,40220334
2020-06-05,54400,55900,54000,55500,50179.57031,22743629
2020-06-08,56400,56500,54700,54900,49637.08203,25634965
2020-06-09,55800,56500,54400,55500,50179.57031,23998831
2020-06-10,55100,55900,54900,55400,50089.15234,16742493
2020-06-11,54500,55100,53200,54300,49094.60156,33815123
2020-06-12,52100,52800,51500,52300,47286.33594,26976019
2020-06-15,51400,52000,49900,49900,45116.40234,28772921
2020-06-16,51200,52100,50600,52100,47105.5,21808375
2020-06-17,52100,52900,51300,52200,47195.91406,26672595
2020-06-18,52200,52300,51600,52300,47286.33594,15982926
2020-06-19,52600,52900,51600,52900,47828.80859,18157985
2020-06-22,52000,52600,51800,52000,47015.08984,13801350
2020-06-23,52500,52800,51100,51400,46472.60938,18086152
2020-06-24,51900,53900,51600,52900,47828.80859,24519552
2020-06-25,52100,53000,51900,51900,46924.67578,18541624
2020-06-26,52800,53900,52200,53300,48190.46094,21575360
2020-06-29,52500,53200,52000,52400,47693.50781,17776925
2020-06-30,53900,53900,52800,52800,48057.57813,21157172
2020-07-01,53400,53600,52400,52600,47875.54688,16706143
2020-07-02,52100,52900,52100,52900,48148.58984,14142583
2020-07-03,53000,53600,52700,53600,48785.72656,11887868
2020-07-06,54000,55000,53800,55000,50059.97656,19856623
2020-07-07,55800,55900,53400,53400,48603.6875,30760032
2020-07-08,53600,53900,52900,53000,48239.60938,19664652
2020-07-09,53200,53600,52800,52800,48057.57813,17054850
2020-07-10,53100,53200,52300,52700,47966.56641,13714746
2020-07-13,53300,53800,53100,53400,48603.6875,12240188
2020-07-14,53700,53800,53200,53800,48967.76172,14269484
2020-07-15,54400,55000,54300,54700,49786.92188,24051450
2020-07-16,54800,54800,53800,53800,48967.76172,16779127
2020-07-17,54200,54700,54100,54400,49513.87109,10096174
2020-07-20,54800,54800,54000,54200,49331.83203,10507530
2020-07-21,55200,55400,54800,55300,50333.03125,18297260
2020-07-22,55300,55500,54700,54700,49786.92188,12885057
2020-07-23,54700,54700,53800,54100,49240.80859,16214932
2020-07-24,54000,54400,53700,54200,49331.83203,10994535
2020-07-27,54300,55700,54300,55600,50606.08594,21054421
2020-07-28,57000,58800,56400,58600,53336.63281,48431566
2020-07-29,60300,60400,58600,59000,53700.69922,36476611
2020-07-30,59700,60100,59000,59000,53700.69922,19285354
2020-07-31,59500,59600,57700,57900,52699.5,21943345
2020-08-03,57800,57900,56700,56800,51698.30078,21158940
2020-08-04,57200,58100,57000,57300,52153.39844,19419694
2020-08-05,57300,57500,56300,56900,51789.31641,17739706
2020-08-06,57100,58400,57100,58000,52790.52344,21625874
2020-08-07,57900,58400,57100,57500,52335.42188,18751717
2020-08-10,57600,58300,57500,57800,52608.47656,17774291
2020-08-11,58000,59500,57800,58200,52972.55078,24907912
2020-08-12,58200,59000,57700,59000,53700.69922,18573934
2020-08-13,59400,59600,58000,58700,53427.64453,22089460
2020-08-14,58000,58400,57700,58000,52790.52344,15672548
2020-08-18,58900,59900,58000,58400,53154.58984,25307825
2020-08-19,59000,59200,57800,57800,52608.47656,16930719
2020-08-20,57600,57600,55300,55400,50424.04688,30386029
2020-08-21,56200,56900,55800,55900,50879.14453,21142288
2020-08-24,55800,56600,55400,56100,51061.17578,15055896
2020-08-25,56400,56800,56100,56400,51334.22656,14021705
2020-08-26,56400,56500,55700,56400,51334.22656,17651593
2020-08-27,56300,56300,55600,55600,50606.08594,16196568
2020-08-28,56100,56300,55400,55400,50424.04688,14619888
2020-08-31,56000,56100,54000,54000,49149.80078,32671367
2020-09-01,54100,54800,54100,54200,49331.83203,19363117
2020-09-02,54600,55100,54100,54400,49513.87109,16905723
2020-09-03,55600,56700,55500,56400,51334.22656,28384920
2020-09-04,55200,55800,55100,55600,50606.08594,22139109
2020-09-07,56100,57300,55800,56500,51425.25,18685880
2020-09-08,57400,58700,57200,58700,53427.64453,31517520
2020-09-09,58200,59300,57800,58400,53154.58984,30597399
2020-09-10,59900,60000,59100,59200,53882.74219,29923293
2020-09-11,59300,59400,58200,59000,53700.69922,16017098
2020-09-14,60200,60800,59900,60400,54974.96094,20648281
2020-09-15,60900,61000,60500,61000,55521.06641,17877075
2020-09-16,61100,61300,60600,61000,55521.06641,17041444
2020-09-17,60700,60800,59300,59500,54155.79688,25108356
2020-09-18,59800,59900,59100,59300,53973.76172,18884571
2020-09-21,59100,60000,59000,59200,53882.74219,15140387
2020-09-22,59100,59700,57800,58200,52972.55078,20830381
2020-09-23,58400,58800,57400,58600,53336.63281,20111398
2020-09-24,57700,58600,57600,57800,52608.47656,17564020
2020-09-25,57700,58200,57700,57900,52699.5,11444683
2020-09-28,58300,58800,57900,58200,53298.41797,12614080
2020-09-29,58300,59000,58200,58200,53298.41797,15503563
2020-10-05,57500,59200,57500,58700,53756.3125,20228289
2020-10-06,59400,59900,58700,59000,54031.04688,14463826
2020-10-07,58700,59900,58500,59900,54855.25391,14861838
2020-10-08,60500,60700,59500,59700,54672.09375,24589924
2020-10-12,60000,60400,59900,60400,55313.14453,16145837
2020-10-13,61000,61400,60400,60900,55771.02734,19247631
2020-10-14,61000,61100,60500,60900,55771.02734,16086716
2020-10-15,60700,60800,59700,60000,54946.82813,17756232
2020-10-16,60000,60400,59000,59500,54488.94141,16554190
2020-10-19,59600,60200,59500,60000,54946.82813,14474985
2020-10-20,60300,60900,60100,60900,55771.02734,19326115
2020-10-21,61200,61500,60600,60900,55771.02734,15703443
2020-10-22,60300,60500,59800,60100,55038.39844,14294095
2020-10-23,60400,60400,59800,60200,55129.98828,9322232
2020-10-26,60400,61100,60100,60400,55313.14453,13268226
2020-10-27,60300,60300,59500,59800,54763.67188,17260416
2020-10-28,59400,59400,58800,59000,54031.04688,14428882
2020-10-29,58200,58500,57500,58100,53206.85156,22636966
2020-10-30,58000,58000,56600,56600,51833.17188,26907844
2020-11-02,56400,57500,56000,57400,52565.79297,20489076
2020-11-03,57900,58900,57600,58800,53847.89063,14950919
2020-11-04,58900,59000,57800,58500,53573.16406,21718561
2020-11-05,59000,60300,58800,60300,55221.56641,20639475
2020-11-06,60700,60800,59600,60100,55038.39844,16910230
2020-11-09,60700,60900,60100,60200,55129.98828,15892961
2020-11-10,60500,60500,59500,60200,55129.98828,19073552
2020-11-11,60700,61400,60400,61300,56137.33594,25628510
2020-11-12,61000,61400,60700,61000,55862.60938,19800573
2020-11-13,61300,63200,61000,63200,57877.32813,31508829
2020-11-16,64000,66700,63900,66300,60716.24609,36354334
2020-11-17,67000,67000,65600,65700,60166.78125,30204089
2020-11-18,65700,66200,64700,64800,59342.57422,22963790
2020-11-19,64100,64800,63900,64600,59159.41406,16590290
2020-11-20,63900,65200,63900,64700,59250.99219,15068682
2020-11-23,64800,67800,64700,67500,61815.1875,27134398
2020-11-24,67900,69500,67000,67700,61998.33594,32158235
2020-11-25,67900,68300,66500,66600,60990.97656,32447065
2020-11-26,66100,68000,66000,68000,62273.07031,19023323
2020-11-27,68000,68400,67600,68200,62456.23047,14063434
2020-11-30,68400,68600,66700,66700,61082.55859,43811016
2020-12-01,67100,68300,67100,67800,62089.91797,22327173
2020-12-02,68400,69900,68300,69500,63646.75,29703942
2020-12-03,70100,70500,69300,69700,63829.89453,23677989
2020-12-04,70400,72100,70100,71500,65478.29688,28130533
2020-12-07,72400,73500,71900,72900,66760.40625,28490496
2020-12-08,72200,72900,71600,71700,65661.45313,25000338
2020-12-09,72100,73900,72000,73900,67676.17188,24077996
2020-12-10,72700,73800,72500,72900,66760.40625,39882928
2020-12-11,73500,73800,73100,73400,67218.28125,18486672
2020-12-14,73600,74500,73200,73800,67584.60156,21510415
2020-12-15,73800,74100,73300,73800,67584.60156,20863671
2020-12-16,74100,74500,73400,73800,67584.60156,17512081
2020-12-17,73400,73700,72600,73300,67126.71094,24293214
2020-12-18,73300,73700,73000,73000,66851.97656,17613029
2020-12-21,73100,73400,72000,73000,66851.97656,20367355
2020-12-22,72500,73200,72100,72300,66210.9375,16304910
2020-12-23,72400,74000,72300,73900,67676.17188,19411326
2020-12-24,74100,78800,74000,77800,71247.73438,32502870
2020-12-28,79000,80100,78200,78700,72071.92969,40085044
2020-12-29,78800,78900,77300,78300,73510.20313,30339449
2020-12-30,77400,81300,77300,81000,76045.05469,29417421
2021-01-04,81000,84400,80200,83000,77922.69531,38655276
2021-01-05,81600,83900,81600,83900,78767.64063,35335669
2021-01-06,83300,84500,82100,82200,77171.63281,42089013
2021-01-07,82800,84200,82700,82900,77828.8125,32644642
2021-01-08,83300,90000,83000,88800,83367.89063,59013307
2021-01-11,90000,96800,89500,91000,85433.32031,90306177
2021-01-12,90300,91400,87800,90600,85057.78906,48682416
2021-01-13,89800,91200,89100,89700,84212.84375,36068848
2021-01-14,88700,90000,88700,89700,84212.84375,26393970
2021-01-15,89800,91800,88000,88000,82616.83594,33431809
2021-01-18,86600,87300,84100,85000,79800.35156,43227951
2021-01-19,84500,88000,83600,87000,81678.00781,39895044
2021-01-20,89000,89000,86500,87200,81865.78125,25211127
2021-01-21,87500,88600,86500,88100,82710.71875,25318011
2021-01-22,89000,89700,86800,86800,81490.25,30861661
2021-01-25,87000,89900,86300,89400,83931.1875,27258534
2021-01-26,88800,89200,86500,86700,81396.35938,33178936
2021-01-27,86600,87700,85600,85600,80363.64063,26423070
2021-01-28,83200,85600,83200,83700,78579.88281,31859808
2021-01-29,84500,85000,82000,82000,76983.875,39615978
2021-02-01,81700,83400,81000,83000,77922.69531,28046832
2021-02-02,84100,86400,83700,84400,79237.0625,26302077
2021-02-03,84800,85400,83400,84600,79424.8125,22112205
2021-02-04,83500,83800,82100,82500,77453.27344,24171688
2021-02-05,83100,84000,82500,83500,78392.11719,18036835
2021-02-08,83800,84200,83000,83000,77922.69531,15338765
2021-02-09,84000,84800,82700,82700,77641.05469,20898332
2021-02-10,82600,82600,81600,81600,76608.34375,23025766
2021-02-15,83800,84500,83300,84200,79049.28906,23529706
2021-02-16,84500,86000,84200,84900,79706.46875,20483100
2021-02-17,83900,84200,83000,83200,78110.46094,18307735
2021-02-18,83200,83600,82100,82100,77077.75,21327683
2021-02-19,82300,82800,81000,82600,77547.16406,25880879
2021-02-22,83800,84200,82200,82200,77171.63281,25419886
2021-02-23,81200,82900,81100,82000,76983.875,20587314
2021-02-24,81800,83600,81300,82000,76983.875,26807651
2021-02-25,84000,85400,83000,85300,80082,34155986
2021-02-26,82800,83400,82000,82500,77453.27344,38520800
2021-03-02,85100,85300,83000,83600,78485.99219,33498180
2021-03-03,83500,84000,82800,84000,78861.53125,19882132
2021-03-04,82600,83200,82200,82400,77359.40625,24348331
2021-03-05,81100,82600,81100,82100,77077.75,20508971
2021-03-08,82900,83000,81600,82000,76983.875,17641256
2021-03-09,81400,81900,80600,81400,76420.57813,25420764
2021-03-10,82400,82500,80700,80900,75951.15625,20038422
2021-03-11,81000,82500,81000,82000,76983.875,23818297
2021-03-12,83100,83500,82400,82800,77734.9375,13530573
2021-03-15,82800,82900,81800,81800,76796.10938,13735798
2021-03-16,82200,83000,82100,82800,77734.9375,12293537
2021-03-17,82800,82900,82000,82300,77265.51563,11625146
2021-03-18,82800,83800,82600,82900,77828.8125,18585244
2021-03-19,82100,82500,81800,81900,76890,15869700
2021-03-22,82000,82300,81700,82000,76983.875,12670506
2021-03-23,82600,82900,81800,81800,76796.10938,13299907
2021-03-24,81000,81600,80700,81000,76045.05469,17926638
2021-03-25,81000,82100,80800,81200,76232.82031,14758826
2021-03-26,81400,81600,81000,81500,76514.45313,12845778
2021-03-29,81700,81700,81000,81600,76608.34375,14952134
2021-03-30,81600,82300,81300,82200,77514.57031,13121698
2021-03-31,82400,82700,81400,81400,76760.16406,17240518
2021-04-01,82500,83000,82000,82900,78174.66406,18676461
2021-04-02,84000,85200,83900,84800,79966.35156,22997538
2021-04-05,85800,86000,84800,85400,80532.15625,16255990
2021-04-06,86200,86200,85100,86000,81097.96094,19042023
2021-04-07,86100,86200,85400,85600,80720.75,17885538
2021-04-08,85700,85700,84100,84700,79872.07031,19244259
2021-04-09,84700,84900,83400,83600,78834.77344,18193707
2021-04-12,84100,84100,83100,83200,78457.57031,12915282
2021-04-13,83000,84500,82800,84000,79211.96875,15238206
2021-04-14,84000,84300,83400,84000,79211.96875,13794652
2021-04-15,83700,84500,83400,84100,79306.25781,16377412
2021-04-16,84700,84700,83600,83900,79117.66406,15429522
2021-04-19,83800,84000,83300,83300,78551.875,15287311
2021-04-20,83300,84000,83100,83900,79117.66406,15521965
2021-04-21,83300,83500,82500,82600,77891.76563,21636079
2021-04-22,82900,83000,82400,82400,77703.17188,13934746
2021-04-23,81900,82900,81600,82800,78080.375,17805080
2021-04-26,82900,83500,82600,83500,78740.46094,15489938
2021-04-27,83200,83300,82500,82900,78174.66406,12941533
2021-04-28,83200,83200,82100,82100,77420.26563,15596759
2021-04-29,82400,82500,81500,81700,77043.0625,20000973
2021-04-30,81900,82100,81500,81500,76854.46094,18673197
2021-05-03,81000,82400,81000,81700,77043.0625,15710336
2021-05-04,81900,82600,81800,82600,77891.76563,12532550
2021-05-06,81700,82300,81700,82300,77608.85156,17047511
2021-05-07,81800,82100,81500,81900,77231.67188,14154882
2021-05-10,82300,83500,81800,83200,78457.57031,19385027
2021-05-11,82500,82600,81100,81200,76571.57031,28996680
2021-05-12,80800,81200,79800,80000,75439.96875,35812268
2021-05-13,78900,79600,78400,78500,74025.46875,31490096
2021-05-14,79000,80300,78900,80100,75534.25781,16450920
2021-05-17,80800,80900,79200,79600,75062.77344,17740855
2021-05-18,79600,80000,79100,79600,75062.77344,17494407
2021-05-20,79400,79700,79100,79500,74968.46094,16541828
2021-05-21,80100,81500,79800,80100,75534.25781,20961714
2021-05-24,80100,80400,79500,79700,75157.0625,13398666
2021-05-25,80000,80400,79800,79900,75345.66406,13628942
2021-05-26,80400,80500,79700,79800,75251.35938,11984359
2021-05-27,80000,80000,79100,79600,75062.77344,23198510
2021-05-28,79800,80400,79400,80100,75534.25781,12360199
2021-05-31,80300,80600,79600,80500,75911.45313,13321324
2021-06-01,80500,81300,80100,80600,76005.75,14058401
2021-06-02,80400,81400,80300,80800,76194.35156,16414644
2021-06-03,81300,83000,81100,82800,78080.375,29546007
2021-06-04,82700,82700,81500,82200,77514.57031,18112259
2021-06-07,82700,82800,81600,81900,77231.67188,16496197
2021-06-08,82300,82600,81800,81900,77231.67188,12781226
2021-06-09,81500,82000,81100,81100,76477.25781,14908823
2021-06-10,81300,81400,80900,81000,76382.96875,17586995
2021-06-11,81200,81700,80700,81000,76382.96875,14087962
2021-06-14,80800,80900,80500,80500,75911.45313,10550078
2021-06-15,80900,81200,80600,80900,76288.66406,10075685
2021-06-16,81500,81900,81100,81800,77137.36719,14999855
2021-06-17,81100,81300,80700,80900,76288.66406,14007385
2021-06-18,81100,81100,80500,80500,75911.45313,14916721
2021-06-21,79700,80000,79600,79900,75345.66406,16063340
2021-06-22,80200,80300,79900,80000,75439.96875,11773365
2021-06-23,80500,80600,79900,80100,75534.25781,13856548
2021-06-24,80400,81400,80100,81200,76571.57031,18771080
2021-06-25,81500,81900,81200,81600,76948.77344,13481405
2021-06-28,81700,82000,81600,81900,77231.67188,11578529
2021-06-29,81900,82100,80800,81000,76721.14063,15744317
2021-06-30,81100,81400,80700,80700,76436.99219,13288643
2021-07-01,80500,80600,80000,80100,75868.6875,13382882
2021-07-02,80000,80400,79900,80000,75773.95313,8753097
2021-07-05,80100,80800,80000,80400,76152.84375,8330969
2021-07-06,80600,81200,80500,81200,76910.57813,12131651
2021-07-07,81200,81300,80300,80800,76531.69531,15992202
2021-07-08,81100,81200,79900,79900,75679.25781,16660998
2021-07-09,79600,79800,79000,79400,75205.64844,22720577
2021-07-12,79900,80000,79500,79700,75489.8125,9768108
2021-07-13,80000,80200,79800,79800,75584.51563,9863450
2021-07-14,79400,79600,79100,79500,75300.38281,11575636
2021-07-15,79800,80600,79500,80600,76342.25,13766279
2021-07-16,80100,80100,79500,79800,75584.51563,10859399
2021-07-19,79100,79200,78800,79000,74826.79688,13155414
2021-07-20,78500,79000,78400,79000,74826.79688,12456646
2021-07-21,79000,79100,78500,78500,74353.19531,12355296
2021-07-22,79000,79800,78900,79700,75489.8125,12618790
2021-07-23,79700,79900,79200,79300,75110.94531,9098910
2021-07-26,79400,79500,78800,78800,74637.36719,10040975
2021-07-27,79200,79400,78500,78500,74353.19531,11427693
2021-07-28,78300,79200,78100,79200,75016.23438,12743417
2021-07-29,78800,79400,78800,79000,74826.79688,14360453
2021-07-30,78900,78900,78500,78500,74353.19531,13823411
2021-08-02,79200,79500,78700,79300,75110.94531,11739124
2021-08-03,79400,81400,79300,81400,77100,24339360
2021-08-04,82200,83100,81800,82900,78520.77344,25642368
2021-08-05,83300,83300,82000,82100,77763.03125,18485469
2021-08-06,81900,82500,81300,81500,77194.72656,13342623
2021-08-09,81500,82300,80900,81500,77194.72656,15522581
2021-08-10,82300,82400,80100,80200,75963.40625,20362639
2021-08-11,79600,79800,78500,78500,74353.19531,30241137
2021-08-12,77100,78200,76900,77000,72932.42969,42365223
2021-08-13,75800,76000,74100,74400,70469.79688,61270643
2021-08-17,74000,75100,74000,74200,70280.35938,30944847
2021-08-18,73900,74600,73100,73900,69996.20313,29192631
2021-08-19,73500,74400,73100,73100,69238.45313,22166298
2021-08-20,73500,73900,72500,72700,68859.59375,22364803
2021-08-23,73300,74000,73000,73300,69427.89844,19384648
2021-08-24,73900,75700,73900,75600,71606.40625,21016913
2021-08-25,76200,76600,74900,75700,71701.11719,22319664
2021-08-26,76100,76200,74600,74600,70659.21094,16671494
2021-08-27,74300,75000,73800,74300,70375.07813,15172748
2021-08-30,75400,75500,74200,74600,70659.21094,12686999
2021-08-31,74900,76700,74300,76700,72648.29688,24630370
2021-09-01,76700,77100,75900,76800,72743.01563,16114775
2021-09-02,76800,76800,75700,76000,71985.26563,15347486
2021-09-03,76400,76700,76000,76600,72553.57031,12096419
2021-09-06,76800,77600,76600,77300,73216.59375,12861180
2021-09-07,77100,77100,75900,76100,72079.97656,13239401
2021-09-08,76000,76400,75600,76300,72269.42188,11798147
2021-09-09,76400,76600,75000,75300,71322.24219,17600770
2021-09-10,75300,75600,74800,75300,71322.24219,10103212
2021-09-13,75200,76300,75100,76300,72269.42188,11397775
2021-09-14,77100,77700,76600,76600,72553.57031,18167057
2021-09-15,77400,77400,76400,77000,72932.42969,12829128
2021-09-16,77300,77400,76100,76100,72079.97656,13067622
2021-09-17,76300,77200,75900,77200,73121.88281,16289502
2021-09-23,77500,77600,76800,77400,73311.3125,17055590
2021-09-24,77600,77700,77100,77300,73216.59375,12247274
2021-09-27,77300,77700,77000,77700,73595.46094,11699798
2021-09-28,77700,77800,76200,76300,72269.42188,15406382
2021-09-29,74800,75300,73800,74100,70519.28125,23992458
2021-09-30,74300,74800,73700,74100,70519.28125,19919361
2021-10-01,73900,74000,72900,73200,69662.78125,15803395
2021-10-05,73000,73000,71400,72200,68711.09375,24013921
2021-10-06,72600,72800,71200,71300,67854.58594,18956962
2021-10-07,71600,72100,71300,71600,68140.08594,13683532
2021-10-08,72300,72400,71500,71500,68044.92188,14043287
2021-10-12,70700,70900,68700,69000,65665.72656,31001484
2021-10-13,68700,69600,68300,68800,65475.38672,24172015
2021-10-14,69000,69800,68800,69400,66046.40625,19520641
2021-10-15,70200,71000,70000,70100,66712.57031,18051612
2021-10-18,70200,70300,69200,70200,66807.75781,13486391
2021-10-19,70800,71000,70400,70600,67188.40625,9507991
2021-10-20,70700,71000,70200,70300,66902.90625,10151638
2021-10-21,70300,70600,70000,70200,66807.75781,10891094
2021-10-22,70000,70700,70000,70400,66998.07813,8395448
2021-10-25,69900,70600,69500,70200,66807.75781,10029621
2021-10-26,70600,71500,70400,71100,67664.23438,10528252
2021-10-27,71000,71000,70000,70100,66712.57031,10295316
2021-10-28,69500,72200,69500,70700,67283.58594,20644902
2021-10-29,71200,71600,69700,69800,66427.07813,17016151
2021-11-01,70200,70600,69900,69900,66522.24219,11503729
2021-11-02,70800,72200,70700,71500,68044.92188,16812570
2021-11-03,71700,71700,70100,70400,66998.07813,12770428
2021-11-04,71200,71600,70500,70600,67188.40625,11818987
2021-11-05,71600,71600,70200,70200,66807.75781,12667743
2021-11-08,70400,70600,69800,70600,67188.40625,11121981
2021-11-09,70300,71000,70100,70500,67093.24219,11159589
2021-11-10,70300,70900,70200,70200,66807.75781,9422009
2021-11-11,69900,70000,69600,69900,66522.24219,11489122
2021-11-12,70200,70900,69900,70600,67188.40625,10087450
2021-11-15,71700,71900,70900,71400,67949.74219,12420710
2021-11-16,71500,72000,71300,71300,67854.58594,10919239
2021-11-17,71300,71600,70600,70700,67283.58594,11027606
2021-11-18,70700,71000,70200,70200,66807.75781,10144957
2021-11-19,70400,71400,70100,71200,67759.42188,11954728
2021-11-22,73300,75200,73000,74900,71280.625,27506623
2021-11-23,76000,76000,74500,75300,71661.28906,22029195
2021-11-24,76000,76200,74100,74800,71185.46094,15652305
2021-11-25,75100,75100,73600,73700,70138.60938,12559258
2021-11-26,73500,74100,72000,72300,68806.25781,13002242
2021-11-29,71700,73000,71400,72300,68806.25781,16682559
2021-11-30,73200,73900,70500,71300,67854.58594,30364841
2021-12-01,72000,74800,71600,74400,70804.78906,21954856
2021-12-02,73900,75800,73800,75800,72137.13281,23652940
2021-12-03,75600,76000,74100,75600,71946.79688,18330240
2021-12-06,75100,76700,74900,76300,72612.97656,16391250
2021-12-07,76100,77700,75600,77400,73659.8125,19232453
2021-12-08,78300,78600,77100,77400,73659.8125,21558340
2021-12-09,77400,78200,77000,78200,74421.16406,21604528
2021-12-10,77400,77600,76800,76900,73183.96875,9155219
2021-12-13,77200,78300,76500,76800,73088.8125,15038750
2021-12-14,76500,77200,76200,77000,73279.14063,10976660
2021-12-15,76400,77600,76300,77600,73850.14844,9584939
2021-12-16,78500,78500,77400,77800,74040.5,11996128
2021-12-17,76800,78000,76800,78000,74230.82813,13108479
2021-12-20,77600,77800,76800,77100,73374.3125,11264375
2021-12-21,77900,78300,77500,78100,74325.99219,14245298
2021-12-22,78900,79400,78800,79400,75563.17188,17105892
2021-12-23,79800,80000,79300,79900,76039.01563,13577498
2021-12-24,80200,80800,80200,80500,76610.00781,12086380
2021-12-27,80600,80600,79800,80200,76324.53125,10783368
2021-12-28,80200,80400,79700,80300,76419.6875,18226325
2021-12-29,80200,80200,78500,78800,75330.82813,19794795
2021-12-30,78900,79500,78100,78300,74852.82813,14236700
2022-01-04,78800,79200,78300,78700,75235.22656,12427416
2022-01-05,78800,79000,76400,77400,73992.45313,25470640
2022-01-06,76700,77600,76600,76900,73514.46094,12931954
2022-01-07,78100,78400,77400,78300,74852.82813,15163757
2022-01-10,78100,78100,77100,78000,74566.04688,9947422
2022-01-11,78400,79000,78000,78900,75426.42188,13221123
2022-01-12,79500,79600,78600,78900,75426.42188,11000502
2022-01-13,79300,79300,77900,77900,74470.46094,13889401
2022-01-14,77700,78100,77100,77300,73896.85938,10096725
2022-01-17,77600,77800,76900,77500,74088.04688,8785122
2022-01-18,77600,77800,76600,77000,73610.0625,9592788
2022-01-19,76500,76900,76100,76300,72940.89063,10598290
2022-01-20,76200,76700,75900,76500,73132.08594,9708168
2022-01-21,75800,75800,74700,75600,72271.70313,15774888
2022-01-24,75400,75800,74700,75100,71793.71094,13691134
2022-01-25,74800,75000,73200,74000,70742.14844,17766704
2022-01-26,74000,74000,74000,74000,70742.14844,0
2022-01-27,73800,74000,71300,71300,68161.01563,22274777
2022-01-28,71300,73700,71200,73300,70072.96875,21367447
2022-02-03,74900,74900,73300,73300,70072.96875,17744721
2022-02-04,74300,74600,73400,74000,70742.14844,12730034
2022-02-07,73500,73600,72400,73000,69786.17188,14240838
2022-02-08,73000,73000,73000,73000,69786.17188,0
2022-02-09,73000,73000,73000,73000,69786.17188,0
2022-02-10,75600,75800,74700,75400,72080.50781,17746033
2022-02-11,75000,75500,74600,74900,71602.52344,12205407
2022-02-14,74400,74500,73100,73700,70455.35156,13993255
2022-02-15,74100,74200,73100,73700,70455.35156,9320365
2022-02-16,74600,74900,74200,74800,71506.92969,10767386
2022-02-17,75000,75600,74500,75000,71698.125,13605382
2022-02-18,74600,74800,73700,74300,71028.94531,10122226
2022-02-21,74300,74300,74300,74300,71028.94531,0
2022-02-22,74300,74300,74300,74300,71028.94531,0
2022-02-23,74300,74300,74300,74300,71028.94531,0
2022-02-24,72300,72300,71300,71500,68352.21094,15759283
2022-02-25,72100,72600,71900,71900,68734.60156,13168484
2022-02-28,71900,71900,71900,71900,68734.60156,0
2022-03-02,72300,72400,71500,71700,68543.40625,12481430
2022-03-03,72300,73100,72200,72900,69690.57813,13232638
2022-03-04,72900,72900,72900,72900,69690.57813,0
2022-03-07,70000,70600,69900,70100,67013.83594,18617138
2022-03-08,68800,70000,68700,69500,66440.25781,15828269
2022-03-10,69500,69500,69500,69500,66440.25781,0
2022-03-11,70500,70700,69700,70000,66918.23438,15787655
2022-03-14,70000,70200,69600,70200,67109.45313,9040993
2022-03-15,70200,70200,70200,70200,67109.45313,0
2022-03-16,70200,70500,69700,70400,67300.63281,10175750
2022-03-17,70400,70400,70400,70400,67300.63281,0
2022-03-18,70600,70900,70200,70700,67587.42969,14410038
2022-03-21,70900,71000,69900,69900,66822.64844,11169002
2022-03-22,69900,70500,69900,70300,67205.03125,9402666
2022-03-23,70600,71200,70300,70500,67396.22656,12398025
2022-03-24,69600,70300,69600,69800,66727.05469,37943357
2022-03-25,70100,70200,69600,69800,66727.05469,12986010
2022-03-28,69500,69900,69200,69700,66631.45313,12619289
2022-03-29,70000,70300,69800,70200,67109.45313,13686208
2022-03-30,70300,70500,69800,69900,67168.05469,12670187
2022-03-31,69900,70200,69600,69600,66879.77344,12510366
2022-04-01,69500,69500,69000,69100,66399.32031,15916846
2022-04-04,68900,69300,68600,69300,66591.50781,11107905
2022-04-05,69400,69600,69100,69200,66495.41406,8467248
2022-04-06,68600,68800,68500,68500,65822.76563,15517308
2022-04-07,68500,68500,68000,68000,65342.3125,20683327
2022-04-08,68100,68300,67700,67800,65150.12891,15453191
2022-04-11,67800,68100,67400,67900,65246.22266,12263735
2022-04-12,67600,67700,67000,67000,64381.40234,13924389
2022-04-13,67300,69000,67200,68700,66014.96094,17378619
2022-04-14,68700,68700,67500,67500,64861.85547,16409494
2022-04-15,67200,67300,66500,66600,63997.02734,13176415
2022-04-18,66500,67100,66100,66700,64093.12891,10119203
2022-04-19,67100,68000,67000,67300,64669.67969,12959434
2022-04-20,67000,67400,66500,67400,64765.75781,16693293
2022-04-21,67600,68300,67500,67700,65054.04297,12847448
2022-04-22,67200,67300,66700,67000,64381.40234,11791478
2022-04-25,66500,66700,66300,66300,63708.75781,11016474
2022-04-26,66400,66700,66100,66100,63516.57422,12946923
2022-04-27,65400,65500,64900,65000,62459.5625,18122084
2022-04-28,65400,65500,64500,64800,62267.38672,16895527
2022-04-29,65100,67600,65000,67400,64765.75781,26190390
2022-05-02,66600,67600,66500,67300,64669.67969,14106184
2022-05-03,67400,68400,67300,67500,64861.85547,14168875
2022-05-04,68000,68400,67500,67900,65246.22266,11505248
2022-05-06,67000,67100,66500,66500,63900.93359,14356156
2022-05-10,65900,66300,65300,65700,63132.19922,17235605
2022-05-11,65500,66300,65200,65700,63132.19922,12330920
2022-05-12,65200,65500,64900,64900,62363.46875,16414188
2022-05-13,65300,66700,65200,66500,63900.93359,14551536
2022-05-16,67100,67400,66100,66300,63708.75781,11937555
2022-05-17,66600,67900,66600,67600,64957.94141,15680447
2022-05-18,68300,68700,67600,68100,65438.39844,16486319
2022-05-19,66500,67600,66500,67500,64861.85547,17073727
2022-05-20,67800,68400,67700,68000,65342.3125,12109671
2022-05-23,68800,68800,67600,67900,65246.22266,13684088
2022-05-24,67500,67700,66500,66500,63900.93359,15482576
2022-05-25,66700,67100,65900,66400,63804.84766,15150490
2022-05-26,66300,67200,65500,65900,63324.39063,15970890
2022-05-27,66700,66900,66200,66500,63900.93359,11405555
2022-05-30,67500,67800,66900,67700,65054.04297,14255484
2022-05-31,67500,67500,66700,67400,64765.75781,24365002
2022-06-02,66600,67000,66400,66700,64093.12891,14959443
2022-06-03,67200,67300,66800,66800,64189.21094,8222883
2022-06-07,66200,66400,65400,65500,62940.01953,19355755
2022-06-08,65400,65700,65300,65300,62747.83594,12483180
2022-06-09,65100,65200,64500,65200,62651.75,25790725
2022-06-10,64000,64400,63800,63800,61306.46875,22193552
2022-06-13,62400,62800,62100,62100,59672.91016,22157816
2022-06-14,61200,62200,61100,61900,59480.72266,24606419
2022-06-15,61300,61500,60200,60700,58327.625,26811224
2022-06-16,61300,61800,60500,60900,58519.8125,23394895
2022-06-17,59400,59900,59400,59800,57462.79688,29053450
2022-06-20,59800,59900,58100,58700,56405.78906,34111306
2022-06-21,58700,59200,58200,58500,56213.60938,25148109
2022-06-22,59000,59100,57600,57600,55348.78125,23334687
2022-06-23,57700,58000,56800,57400,55156.59766,28338608
2022-06-24,57900,59100,57700,58400,56117.52344,23256103
2022-06-27,59000,59900,58300,58800,56501.88672,18122236
2022-06-28,59200,59500,58700,59400,57078.4375,13540538
2022-06-29,58500,58800,58000,58000,56073.93359,14677138
2022-06-30,57200,57600,57000,57000,55107.14063,18915142
2022-07-01,56900,57500,55900,56200,54333.71094,24982097
2022-07-04,56100,57400,55700,57100,55203.82422,17807126
2022-07-05,57600,58200,57200,57200,55300.50391,14216539
2022-07-06,57300,57300,56400,56400,54527.07813,16820461
2022-07-07,56400,58700,56300,58200,56267.29297,21322833
2022-07-08,58600,59300,58200,58700,56750.69141,15339271
2022-07-11,59300,59600,58700,58800,56847.37109,13042624
2022-07-12,58600,58700,58100,58100,56170.62109,9336061
2022-07-13,58300,58600,58000,58000,56073.93359,10841315
2022-07-14,57500,58200,57400,57500,55590.53906,15067012
2022-07-15,58400,60000,58100,60000,58007.52344,18685583
2022-07-18,60600,62000,60500,61900,59844.42969,20832517
2022-07-19,61400,61500,60200,60900,58877.63672,15248261
2022-07-20,61800,62100,60500,60500,58490.91797,16782238
2022-07-21,61100,61900,60700,61800,59747.75,12291374
2022-07-22,61800,62200,61200,61300,59264.35156,10261310
2022-07-25,60900,61900,60800,61100,59070.99219,9193681
2022-07-26,60800,61900,60800,61700,59651.06641,6597211
2022-07-27,61300,61900,61200,61800,59747.75,7320997
2022-07-28,62300,62600,61600,61900,59844.42969,10745302
2022-07-29,62400,62600,61300,61400,59361.03125,15093120
2022-08-01,61000,61700,60300,61300,59264.35156,13154816
2022-08-02,61200,61900,61000,61700,59651.06641,13614895
2022-08-03,61600,61600,61000,61300,59264.35156,10053861
2022-08-04,61700,61800,61200,61500,59457.70703,9125439
2022-08-05,61700,61900,61200,61500,59457.70703,9567620
2022-08-08,61400,61400,60600,60800,58780.96094,11313150
2022-08-09,60600,60700,59600,60000,58007.52344,18251170
2022-08-10,58900,59200,58600,59100,57137.41016,18084349
2022-08-11,59600,60000,59300,59900,57910.84375,15141941
2022-08-12,59500,60700,59400,60200,58200.87891,10786658
2022-08-16,60500,61600,60300,61000,58974.3125,15036727
2022-08-17,61100,61200,60300,60400,58394.24219,9061518
2022-08-18,60300,61900,60000,61500,59457.70703,16372754
2022-08-19,61400,61600,60600,60900,58877.63672,6923679
2022-08-22,60300,60400,59800,60000,58007.52344,8259865
2022-08-23,59000,59600,59000,59100,57137.41016,9041629
2022-08-24,59200,59500,59000,59000,57040.72656,8888486
2022-08-25,59200,59700,59000,59700,57717.48438,5767902
2022-08-26,60300,60900,59900,60000,58007.52344,9499995
2022-08-29,58700,58900,58600,58600,56654.01172,9841329
2022-08-30,58700,59000,58300,58800,56847.37109,9690044
2022-08-31,58200,59900,58200,59700,57717.48438,14203512
2022-09-01,58700,58900,58300,58400,56460.65625,14905777
2022-09-02,58300,58600,57500,57500,55590.53906,15040310
2022-09-05,57400,57800,56800,57100,55203.82422,11425977
2022-09-06,57200,57600,56900,57100,55203.82422,7503086
2022-09-07,56700,56700,55900,56000,54140.35156,17384854
2022-09-08,56200,56400,55600,55600,53753.63672,18000016
2022-09-13,57000,58500,56800,58100,56170.62109,17166581
2022-09-14,56200,57200,56100,56800,54913.78906,12524961
2022-09-15,57000,57100,56000,56000,54140.35156,11664819
2022-09-16,55600,56400,55500,56200,54333.71094,13456503
2022-09-19,56300,57000,56000,56400,54527.07813,12278653
2022-09-20,56400,57000,55800,55800,53946.99609,14041465
2022-09-21,55400,55500,55000,55300,53463.59766,11863700
2022-09-22,54600,54700,54300,54400,52593.48828,12786510
2022-09-23,54400,54900,54200,54500,52690.16797,10555964
2022-09-26,53700,54200,53600,53900,52110.08984,15008449
2022-09-27,53800,54200,53500,54200,52400.125,16631289
2022-09-28,53900,54400,52500,52900,51143.29688,19991129
2022-09-29,53300,53700,52600,52600,51202.67578,13882080
2022-09-30,52300,53600,51800,53100,51689.39844,22503249
2022-10-04,55300,55400,54500,55200,53733.60938,19148435
2022-10-05,56900,57200,55400,56000,54512.35547,22458970
2022-10-06,56700,57300,56300,56300,54804.38672,14944446
2022-10-07,55900,56900,55200,56200,54707.04297,16886813
2022-10-11,54400,55700,54000,55400,53928.29688,21437877
2022-10-12,55700,57000,55200,55800,54317.66406,18408910
2022-10-13,55400,56100,55200,55200,53733.60938,13784602
2022-10-14,56200,56500,55800,56300,54804.38672,12924326
2022-10-17,55800,57000,55700,56600,55096.41406,13641878
2022-10-18,56700,57100,55800,56500,54999.07422,14820702
2022-10-19,56700,56900,55700,55800,54317.66406,12660652
2022-10-20,55200,56000,55100,55500,54025.63672,17107653
2022-10-21,55100,56300,55100,55900,54415.00781,11456060
2022-10-24,57000,57500,56700,57500,55972.50391,16944503
2022-10-25,57000,58600,57000,57700,56167.19141,17405678
2022-10-26,58000,59600,57700,59400,57822.03516,20824967
2022-10-27,59700,60100,58900,59500,57919.375,21756712
2022-10-28,58900,59200,57200,57300,55777.82031,20924937
2022-10-31,58100,59900,58000,59400,57822.03516,18999514
2022-11-01,59900,60300,59500,60000,58406.09766,17201647
2022-11-02,59700,60000,59300,59600,58016.72266,13202919
2022-11-03,58600,59800,58100,59200,57627.34766,17492162
2022-11-04,59100,59500,58400,59400,57822.03516,12445841
2022-11-07,59700,60300,59400,60200,58600.78125,12437246
2022-11-08,60500,61900,60500,61800,60158.27734,18273898
2022-11-09,62000,62200,61300,62000,60352.96875,14045592
2022-11-10,61400,61500,60400,60400,58795.46875,21087633
2022-11-11,63100,63200,62300,62900,61229.05859,20037163
2022-11-14,62900,62900,61700,61900,60255.62109,15973416
2022-11-15,62200,62500,61600,62400,60742.33984,12310986
2022-11-16,62400,62700,61700,62700,61034.36719,12909260
2022-11-17,62000,62000,61300,61400,59768.90625,13298296
2022-11-18,61800,62400,61400,61800,60158.27734,12236503
2022-11-21,61400,61800,60800,61400,59768.90625,9378097
2022-11-22,60900,61200,60300,60600,58990.15625,9411289
2022-11-23,61200,61300,60700,61000,59379.53125,8765050
2022-11-24,61200,61700,60900,61400,59768.90625,8125010
2022-11-25,61400,61700,60800,61000,59379.53125,6677933
2022-11-28,60500,60500,59800,60100,58503.4375,8589032
2022-11-29,59900,60600,59800,60600,58990.15625,7014160
2022-11-30,60400,62200,60200,62200,60547.65625,19768903
2022-12-01,63100,63200,62300,62600,60937.02344,16631445
2022-12-02,62500,62500,60400,60400,58795.46875,15331184
2022-12-05,60900,61100,60000,60300,58698.125,13767787
2022-12-06,59800,60100,59200,59200,57627.34766,13888300
2022-12-07,58800,59600,58500,58900,57335.31641,12100662
2022-12-08,58700,59200,58600,59200,57627.34766,12986815
2022-12-09,59300,60600,59300,60400,58795.46875,10529632
2022-12-12,59900,60000,59400,59500,57919.375,9036472
2022-12-13,59600,60300,59400,59700,58114.0625,9040873
2022-12-14,59800,60600,59800,60500,58892.8125,8207485
2022-12-15,59800,60200,59300,59300,57724.6875,8716039
2022-12-16,58300,59500,58300,59500,57919.375,13033596
2022-12-19,59500,59900,59100,59500,57919.375,7696187
2022-12-20,59000,59100,58500,58600,57043.28516,9284761
2022-12-21,58700,59100,58000,58000,56459.22656,10356971
2022-12-22,58100,59100,58100,59100,57530,10720630
2022-12-23,58200,58400,57700,58100,56556.57031,9829407
2022-12-26,58000,58100,57700,57900,56361.87891,6756411
2022-12-27,58000,58400,57900,58100,56556.57031,10667027
2022-12-28,57600,57600,56400,56600,55440.89453,14665410
2022-12-29,56000,56200,55300,55300,54167.51563,11295935
2023-01-02,55500,56100,55200,55500,54363.42188,10031448
2023-01-03,55400,56000,54500,55400,54265.47266,13547030
2023-01-04,55700,58000,55600,57800,56616.32031,20188071
2023-01-05,58200,58800,57600,58200,57008.12891,15682826
2023-01-06,58300,59400,57900,59000,57791.75,17334989
2023-01-09,59700,60700,59600,60700,59456.92969,18640107
2023-01-10,60200,61100,59900,60400,59163.07813,14859797
2023-01-11,61000,61200,60300,60500,59261.02734,12310751
2023-01-12,61100,61200,59900,60500,59261.02734,16102561
2023-01-13,60500,61200,60400,60800,59554.88281,12510328
2023-01-16,61300,61600,60800,61100,59848.74219,10039972
2023-01-17,61200,61500,60600,61000,59750.78906,9831456
2023-01-18,60700,61000,59900,60400,59163.07813,11584041
2023-01-19,60500,61500,60400,61500,60240.55078,12808490
2023-01-20,62100,62300,61100,61800,60534.40625,9646327
2023-01-25,63500,63700,63000,63300,62003.68359,39217
2023-01-26,63800,63900,63300,63800,62493.44922,54188
2023-01-27,64400,65000,63900,64600,63277.06641,44282
2023-01-30,64900,64900,63100,63300,62003.68359,59628
2023-01-31,63500,63700,61000,61400,60142.59766,163847
2023-02-01,62600,62700,61000,61000,59750.78906,98585
2023-02-02,63200,63900,62600,63500,62199.58984,65992
2023-02-03,63900,64000,63000,63500,62199.58984,47567
2023-02-06,62800,63000,61600,61600,60338.5,144104
2023-02-07,61900,62500,61600,62000,60730.3125,32873
2023-02-08,62800,63300,62400,63100,61807.78516,42558
2023-02-09,63000,63300,62300,63300,62003.68359,48035
2023-02-10,62600,63000,62400,62900,61611.87891,44786
2023-02-13,62900,63000,62300,62900,61611.87891,59395
2023-02-14,63600,63900,63200,63200,61905.73828,70606
2023-02-15,63900,63900,62000,62200,60926.21875,58370
2023-02-16,62500,63700,62400,63700,62395.49609,41448
2023-02-17,62900,63300,62400,62600,61318.02344,28613
2023-02-20,62900,63000,61800,62700,61415.97266,29846
2023-02-21,62700,62800,62000,62100,60828.26172,60971
2023-02-22,61500,61800,61000,61100,59848.74219,39178
2023-02-23,61700,62500,61500,62000,60730.3125,37145
2023-02-24,62300,62600,61300,61300,60044.64453,50792
2023-02-27,60800,60800,60200,60500,59261.02734,11155697
2023-02-28,60800,61400,60500,60600,59358.98047,13715861
2023-03-02,60900,61800,60500,60800,59554.88281,13095682
2023-03-03,61000,61200,60500,60500,59261.02734,10711405
2023-03-06,61100,61600,60800,61500,60240.55078,13630602
2023-03-07,61400,61400,60700,60700,59456.92969,11473280
2023-03-08,60100,60500,59900,60300,59065.125,14161857
2023-03-09,60500,60800,59900,60100,58869.21875,14334499
2023-03-10,59500,59700,59100,59500,58281.50391,11902471
2023-03-13,59900,60200,59300,60000,58771.26953,12779724
2023-03-14,59400,59500,59000,59000,57791.75,12147346
2023-03-15,60000,60300,59600,59800,58575.36328,10482149
2023-03-16,59200,60200,59100,59900,58673.31641,10611939
2023-03-17,60800,61300,60600,61300,60044.64453,14090110
2023-03-20,61100,61200,60200,60200,58967.17188,9618009
2023-03-21,60500,60700,60100,60300,59065.125,8318514
2023-03-22,61000,61200,60500,61100,59848.74219,8978591
2023-03-23,60600,62300,60600,62300,61024.16797,15381057
2023-03-24,62700,63300,62300,63000,61709.83594,18278602
2023-03-27,62600,62800,62000,62100,60828.26172,11039331
2023-03-28,62400,62900,62100,62900,61611.87891,11614118
2023-03-29,62500,62700,62200,62700,61415.97266,11216008
2023-03-30,63700,63700,63100,63200,62264.23047,15684377
2023-03-31,64000,64000,63700,64000,63052.38281,14094479
2023-04-03,64000,64000,63000,63100,62165.70703,11973133
2023-04-04,63400,63800,62800,63600,62658.30469,11120514
2023-04-05,63700,64000,63400,63900,62953.86328,9176149
2023-04-06,63500,63600,62300,62300,61377.55078,14992747
2023-04-07,63800,65200,63800,65000,64037.57422,27476120
2023-04-10,64800,66300,64700,65700,64727.21094,18777166
2023-04-11,66200,66200,65400,65900,64924.24609,16323183
2023-04-12,65800,66200,65300,66000,65022.77344,15021313
2023-04-13,65600,66100,65400,66100,65121.28516,15091022
2023-04-14,66600,66600,65000,65100,64136.09375,16176490
2023-04-17,65000,65600,64700,65300,64333.13281,13486618
2023-04-18,65900,66000,64800,65600,64628.69141,14802060
2023-04-19,65500,65800,65300,65500,64530.17188,10255985
2023-04-20,65100,65300,64600,65300,64333.13281,9501169
2023-04-21,65800,65900,65400,65700,64727.21094,10538622
2023-04-24,65300,65700,64800,65200,64234.61328,12986581
2023-04-25,65300,65400,63400,63600,62658.30469,16193271
2023-04-26,63600,64300,63300,64100,63150.89844,12664541
2023-04-27,64100,65000,63300,64600,63643.5,14779601
2023-04-28,65200,65900,65000,65500,64530.17188,19699481
2023-05-02,66000,66300,65100,65700,64727.21094,14396948
2023-05-03,65100,65600,64900,65400,64431.65234,8876749
2023-05-04,65600,65700,64700,65100,64136.09375,9791064
2023-05-08,66300,66300,65400,65900,64924.24609,9405365
2023-05-09,65800,65800,65100,65300,64333.13281,9366861
2023-05-10,65500,65500,64300,64600,63643.5,13057727
2023-05-11,64700,65100,64200,64200,63249.41797,11648905
2023-05-12,63700,64600,63600,64100,63150.89844,8693913
2023-05-15,64100,64600,63900,64500,63544.97656,8172021
2023-05-16,65800,65900,65300,65400,64431.65234,12334657
2023-05-17,65900,65900,64800,65000,64037.57422,10745504
2023-05-18,66000,66200,65700,66200,65219.80469,14431704
2023-05-19,67800,68400,67500,68400,67387.23438,20349345
2023-05-22,68400,69000,68000,68500,67485.75,14470308
2023-05-23,68500,68700,68100,68400,67387.23438,8561643
2023-05-24,68100,68700,68000,68500,67485.75,8192896
2023-05-25,69900,70000,68700,68800,67781.3125,14231160
2023-05-26,69800,70400,69500,70300,69259.10156,19549511
2023-05-30,71300,72300,71200,72300,71229.48438,27476897
2023-05-31,72400,72500,71000,71400,70342.80469,25666087
2023-06-01,70900,71600,70600,70900,69850.21094,14669296
2023-06-02,71700,72200,71600,72200,71130.96875,12161798
2023-06-05,72700,72700,71400,71700,70638.36719,12686829
2023-06-07,71300,71600,70800,71000,69948.73438,14796613
2023-06-08,70400,70900,70000,70900,69850.21094,19165568
2023-06-09,71100,72300,70800,72000,70933.92969,15050209
2023-06-12,72100,72400,70800,71000,69948.73438,12064287
2023-06-13,71700,72200,71600,72000,70933.92969,13227285
2023-06-14,72100,72200,71100,71900,70835.41406,12541046
2023-06-15,72100,72300,71300,71500,70441.33594,13614994
2023-06-16,71800,71900,70900,71800,70736.89063,15373696
2023-06-19,71300,71700,70900,71200,70145.77344,11100887
2023-06-20,70700,71400,70400,71400,70342.80469,11557883
2023-06-21,70700,71200,70400,70500,69456.13281,10626603
2023-06-22,70200,71500,70100,71300,70244.28906,11411007
2023-06-23,72000,72200,71600,71600,70539.85156,12329484
2023-06-26,71700,72500,71500,72400,71328.00781,10541901
2023-06-27,72500,72600,72000,72600,71525.04688,9442997
2023-06-28,72600,72700,72000,72700,71623.5625,8783093
2023-06-29,73100,73400,72400,72400,71683.96094,12229967
2023-06-30,72500,72700,71700,72200,71485.9375,11694765
2023-07-03,72700,73200,72600,73000,72278.02344,10722181
2023-07-04,73400,73600,72900,73000,72278.02344,10214350
2023-07-05,73000,73300,71900,72000,71287.92188,12310610
2023-07-06,71900,72400,71500,71600,70891.875,14777667
2023-07-07,71100,71400,69800,69900,69208.6875,17308877
2023-07-10,70000,70400,69200,69500,68812.64063,11713926
2023-07-11,70200,71500,70100,71500,70792.86719,12177392
2023-07-12,71200,72000,71100,71900,71188.90625,10375581
2023-07-13,72400,72600,71900,71900,71188.90625,14417279
2023-07-14,72500,73400,72400,73400,72674.0625,15882519
2023-07-17,73200,73500,72800,73300,72575.05469,10060049
2023-07-18,73200,73500,72000,72000,71287.92188,11697900
2023-07-19,72700,72800,71300,71700,70990.88281,10896412
2023-07-20,71100,71500,70800,71000,70297.80469,9732730
2023-07-21,70400,70400,69400,70300,69604.73438,16528926
2023-07-24,70100,70900,69900,70400,69703.74219,13418597
2023-07-25,70000,70500,69800,70000,69307.69531,14314945
2023-07-26,69800,70600,68100,69800,69109.67188,30016221
2023-07-27,69900,71700,69300,71700,70990.88281,24261179
2023-07-28,71800,72400,70100,70600,69901.76563,19420683
2023-07-31,70900,71000,69800,69800,69109.67188,13035420
2023-08-01,70100,71200,70000,71100,70396.82031,12299254
2023-08-02,70700,71000,69800,69900,69208.6875,13835020
2023-08-03,69900,70200,68500,68800,68119.5625,20087090
2023-08-04,68800,69100,68200,68300,67624.50781,12360193
2023-08-07,67700,69200,67600,68500,67822.53125,10968505
2023-08-08,69000,69100,67400,67600,66931.42969,14664709
2023-08-09,68000,69600,67900,68900,68218.57813,17259673
2023-08-10,68300,68500,67800,68000,67327.47656,10227311
2023-08-11,68400,68800,67500,67500,66832.42188,9781038
2023-08-14,67500,67900,66900,67300,66634.39844,9352343
2023-08-16,66700,67100,66300,67000,66337.36719,13174578
2023-08-17,66300,66800,66000,66700,66040.32813,10778652
2023-08-18,66000,66700,65800,66300,65644.28906,11745006
2023-08-21,66600,67100,66300,66600,65941.32031,9720067
2023-08-22,67200,67700,66300,66600,65941.32031,10500242
2023-08-23,66700,67100,66400,67100,66436.375,9549352
2023-08-24,68300,68700,67900,68200,67525.5,15044463
2023-08-25,67100,67400,66900,67100,66436.375,7032462
2023-08-28,66800,67000,66500,66800,66139.34375,5824628
2023-08-29,66900,67200,66600,66800,66139.34375,9114352
2023-08-30,67300,67700,67100,67100,66436.375,9181223
2023-08-31,67100,67200,66400,66900,66238.35156,15964630
2023-09-01,66800,71000,66700,71000,70297.80469,29738235
2023-09-04,72900,72900,70700,71200,70495.82813,26286495
2023-09-05,70900,71500,70200,70700,70000.77344,12330239
2023-09-06,70700,70800,69700,70000,69307.69531,11414620
2023-09-07,70000,70600,69600,70400,69703.74219,13741241
2023-09-08,70200,70300,69600,70300,69604.73438,10688118
2023-09-11,70400,70800,70000,70800,70099.78906,11785462
2023-09-12,70800,71000,70400,70500,69802.75,11688599
2023-09-13,71100,71600,70300,70900,70198.79688,15955797
2023-09-14,71200,71800,70800,71700,70990.88281,21041407
2023-09-15,71700,72300,71400,72000,71287.92188,17823512
2023-09-18,71300,71700,70200,70200,69505.71875,16040727
2023-09-19,70400,70800,69600,69800,69109.67188,11820188
2023-09-20,70000,70300,69500,69600,68911.65625,10873015
2023-09-21,69200,69800,68800,68900,68218.57813,10796336
2023-09-22,68300,68900,68300,68800,68119.5625,9897840
2023-09-25,68500,69700,68500,69400,68713.63281,13582516
2023-09-26,70000,70000,68400,68600,68276.70313,13143470
2023-09-27,68600,69100,68200,68400,68077.64063,14886491
2023-10-04,67400,67700,66700,67500,67181.88281,23361149
2023-10-05,67300,67400,66700,66700,66385.65625,16108313
2023-10-06,67100,67300,66000,66000,65688.95313,14386527
2023-10-10,66200,67600,66200,66400,66087.07031,19889202
2023-10-11,68600,69400,67900,68200,67878.58594,25209349
2023-10-12,68600,69700,68200,68900,68575.28906,19311380
2023-10-13,68000,68500,67700,68000,67679.53125,9724086
2023-10-16,67900,68500,66800,67300,66982.82813,12599299
2023-10-17,67700,69900,67400,69400,69072.92969,17299253
2023-10-18,68900,70500,68800,70500,70167.75,16493184
2023-10-19,69700,70000,69400,69500,69172.46094,13985012
2023-10-20,68900,69200,68100,68800,68475.75781,15204495
2023-10-23,68700,69100,68200,68400,68077.64063,11625959
2023-10-24,68700,68800,67700,68500,68177.17188,12791710
2023-10-25,68800,68800,67900,68000,67679.53125,10610703
2023-10-26,67000,67900,66700,66700,66385.65625,15517624
2023-10-27,67100,67300,66700,67300,66982.82813,11334726
2023-10-30,66800,67800,66700,67300,66982.82813,10139270
2023-10-31,67600,68300,66900,66900,66584.71094,14488892
2023-11-01,67500,68900,67300,68600,68276.70313,13775256
2023-11-02,70000,70000,69400,69700,69371.51563,16350031
2023-11-03,69700,70200,69500,69600,69271.98438,10322234
2023-11-06,69800,70900,69300,70900,70565.85938,22228489
2023-11-07,70600,70900,70000,70900,70565.85938,17228731
2023-11-08,71300,71400,69700,69900,69570.57031,12901310
2023-11-09,69900,70800,69600,70300,69968.6875,12301373
2023-11-10,70000,70500,69500,70500,70167.75,9684347
2023-11-13,71300,71300,70300,70400,70068.21875,9246919
2023-11-14,71000,71100,70600,70800,70466.33594,9567984
2023-11-15,71600,72200,71500,72200,71859.73438,20148677
2023-11-16,72500,73000,72300,72800,72456.90625,15860451
2023-11-17,72300,73000,72300,72500,72158.32031,11494644
2023-11-20,72100,73000,72100,72700,72357.375,10610157
2023-11-21,73100,73400,72700,72800,72456.90625,9712881
2023-11-22,72200,73000,71900,72800,72456.90625,11105143
2023-11-23,73000,73200,72200,72400,72058.78906,6775614
2023-11-24,72400,72600,71700,71700,71362.09375,6676685
2023-11-27,71500,72100,71100,71300,70963.97656,9113857
2023-11-28,71400,72700,71300,72700,72357.375,13283081
2023-11-29,72400,72800,72200,72700,72357.375,9283933
2023-11-30,72700,72800,72200,72800,72456.90625,15783714
2023-12-01,72400,72500,71700,72000,71660.67969,9871284
2023-12-04,72800,72900,72400,72600,72257.85156,10229267
2023-12-05,72300,72400,71200,71200,70864.44531,12129682
2023-12-06,71800,72100,71600,71700,71362.09375,8123087
2023-12-07,71800,71900,71100,71500,71163.03125,8862017
2023-12-08,72100,72800,71900,72600,72257.85156,10859463
2023-12-11,72800,73000,72200,73000,72655.96094,9861960
2023-12-12,73300,73500,73100,73500,73153.60938,13758646
2023-12-13,73300,73500,72800,72800,72456.90625,13116766
2023-12-14,74100,74300,72500,73100,72755.49219,27567593
2023-12-15,73800,74000,73200,73300,72954.54688,15419815
2023-12-18,73300,73400,72800,72900,72556.4375,9690551
2023-12-19,73000,73400,72800,73400,73054.07813,8907632
2023-12-20,74200,74900,73800,74800,74447.48438,16870156
2023-12-21,74600,75000,74300,75000,74646.53906,13478766
2023-12-22,75800,76300,75400,75900,75542.29688,14515608
2023-12-26,76100,76700,75700,76600,76239,13164909
2023-12-27,76700,78000,76500,78000,78000,20651042
2023-12-28,77700,78500,77500,78500,78500,17797536
2024-01-02,78200,79800,78200,79600,79600,17142847
2024-01-03,78500,78800,77000,77000,77000,21753644
2024-01-04,76100,77300,76100,76600,76600,15324439
2024-01-05,76700,77100,76400,76600,76600,11304316
2024-01-08,77000,77500,76400,76500,76500,11088724
2024-01-09,77400,77700,74300,74700,74700,26019249
2024-01-10,75000,75200,73200,73600,73600,20259529
2024-01-11,72900,73600,72700,73200,73200,57691266
2024-01-12,73000,74100,72800,73100,73100,13038939
2024-01-15,73200,74000,73200,73900,73900,2957915
2024-01-16,73500,73700,72500,72600,72600,14760415
2024-01-17,73100,73300,71000,71000,71000,22683660
2024-01-18,71600,72000,70700,71700,71700,17853397
2024-01-19,73500,74700,73000,74700,74700,23363427
2024-01-22,75900,76000,75000,75100,75100,19673375
2024-01-23,75700,75800,74300,75200,75200,14786224
2024-01-24,75200,75200,73500,74000,74000,12860661
2024-01-25,74200,74800,73700,74100,74100,11737747
2024-01-26,73700,74500,73300,73400,73400,11160062
2024-01-29,73800,75200,73500,74400,74400,13976521
2024-01-30,75000,75300,73700,74300,74300,12244418
2024-01-31,73400,74000,72500,72700,72700,15703560
2024-02-01,73000,74200,72900,73600,73600,19881033
2024-02-02,74000,75200,73700,75200,75200,14955881
2024-02-05,74200,74800,73500,74300,74300,19026021
2024-02-06,74300,74700,73300,74400,74400,14559254
2024-02-07,74600,75500,74300,75000,75000,16566445
2024-02-08,75000,75200,73600,74100,74100,20810708
2024-02-13,74800,75200,74400,75200,75200,21966745
2024-02-14,73700,74300,73700,74000,74000,12434945
2024-02-15,74200,74400,73000,73200,73200,14120600
2024-02-16,73300,73400,72500,72800,72800,13444781
2024-02-19,72800,73900,72800,73800,73800,12726404
2024-02-20,73700,73700,72800,73300,73300,14681477
2024-02-21,73400,73700,72900,73000,73000,11503495
2024-02-22,73800,73900,72700,73100,73100,15208934
2024-02-23,73600,74200,72900,72900,72900,16225166
2024-02-26,72300,73200,72200,72800,72800,14669352
2024-02-27,73100,73400,72700,72900,72900,13201981
2024-02-28,72900,73900,72800,73200,73200,11795859
2024-02-29,72600,73400,72000,73400,73400,21176403
2024-03-04,74300,75000,74000,74900,74900,23210474
2024-03-05,74600,74800,73700,73700,73700,19505125
2024-03-06,73200,73500,72700,72900,72900,21547905
2024-03-07,73100,73300,72200,72200,72200,14516963
2024-03-08,72800,73400,72600,73300,73300,19271349
2024-03-11,72900,73100,72300,72400,72400,9740504
2024-03-12,72600,73500,72100,73300,73300,13011654
2024-03-13,73700,74100,73500,74100,74100,15243134
2024-03-14,74400,74500,73600,74300,74300,22545539
2024-03-15,73400,73700,72300,72300,72300,22580555
2024-03-18,72600,73000,72500,72800,72800,11520348
2024-03-19,72300,73000,71700,72800,72800,15376066
2024-03-20,73700,77200,73400,76900,76900,50106297
2024-03-21,79200,79300,77700,79300,79300,44569799
2024-03-22,79600,79900,77800,78900,78900,26724761
2024-03-25,79600,79800,77800,78200,78200,18703996
2024-03-26,79700,80100,79200,79900,79900,30551494
2024-03-27,79200,80000,79200,79800,79800,17424595
2024-03-28,79400,81000,79200,80800,80800,25084812
2024-03-29,81200,82500,80900,82400,82400,27126366
2024-04-01,83200,83300,82000,82000,82000,20116513
2024-04-02,82900,85000,82900,85000,85000,37077944
2024-04-03,84300,85000,83500,84100,84100,30493347
2024-04-04,85200,85500,84300,85300,85300,25248934
2024-04-05,84500,85000,83800,84500,84500,18883752
2024-04-08,85200,86000,84500,84500,84500,18953232
2024-04-09,84500,84900,83100,83600,83600,23725956
2024-04-11,83200,84700,82500,84100,84100,25538009
2024-04-12,84700,84900,83200,83700,83700,17061770
2024-04-15,82900,83200,81200,82200,82200,26663772
2024-04-16,81200,81300,79400,80000,80000,31949845
2024-04-17,80700,80800,78900,78900,78900,22611631
2024-04-18,78800,80100,78300,79600,79600,21370190
2024-04-19,78300,78700,76300,77600,77600,31317563
2024-04-22,77400,77500,75100,76100,76100,30469477
2024-04-23,76400,76800,75500,75500,75500,18717699
2024-04-24,77500,78800,77200,78600,78600,22166150
2024-04-25,77300,77500,76300,76300,76300,15549134
2024-04-26,77800,77900,76500,76700,76700,12755629
2024-04-29,77400,77600,76200,76700,76700,14664474
2024-04-30,77000,78500,76600,77500,77500,19007007
2024-05-02,77600,78600,77300,78000,78000,18900640
2024-05-03,79000,79000,77500,77600,77600,13151889
2024-05-07,79600,81300,79400,81300,81300,26238868
2024-05-08,80800,81400,80500,81300,81300,13089576
2024-05-09,81100,81500,79700,79700,79700,18759935
2024-05-10,80400,81100,78900,79200,79200,16976124
2024-05-13,79400,79900,77600,78400,78400,18652344
2024-05-14,78600,78800,77900,78300,78300,11763992
2024-05-16,80200,80300,78100,78200,78200,20989778
2024-05-17,78600,78800,77200,77400,77400,15918201
